"LIBRARYREFERENCE","FOOTPRINT1","FOOTPRINT2","COMMENT","PPS#","SUPPLIER 1","SUPPLIER 2","SUPPLIER PART NUMBER 1","SUPPLIER PART NUMBER 2","THRESHOLD","VALUE","SHEETPART","DESIGNATOR","DESCRIPTION"
"74FCT162374T","TSSOP50P810X110-48N","","74FCT162374CTPACT","","Digi-Key","","296-23190-1-ND","","","","*","U?","IC 16BIT REGISTER D-TYPE 48TSSOP"
"A2F500M3G","BGA100P22X22-484N","","A2F500-FGG484","","Mouser","","892-A2F500M3G-FGG484","","","","*","U?",""
"ABM3","ABM3","","ABM3-20.000MHZ-B2-T","","Digi-Key","","535-9105-1-ND","","","20MHz","*","Y?","CRYSTAL 20.000MHZ 18PF SMD"
"ABMM2","ABMM2","","ABMM2-50.000MHZ-E2F-T","","Digi-Key","","535-9646-1-ND","","","50MHz","*","Y?","CRYSTAL 50.000 MHZ 18PF SMD"
"AD9288","TSQFP50P900X900X160-48N","","AD9288BSTZ-100","","Digi-Key","","AD9288BSTZ-100-ND","","","100MHz","*","U?","IC ADC 8BIT DUAL 100MSPS 48-LQFP"
"CB3_CB3LV","CB3_CB3LV","","CB3LV-3C-50M0000","","Digi-Key","","CTX283LVCT-ND","","","50MHz","*","Y?","OSC 50.000 MHZ 3.3V SMD"
"CM519","CM519","","CM519-32.768KDZF-UT","","Digi-Key","","300-8194-1-ND","","","32.768KHz","*","Y?","CRYSTAL 32.768 KHZ 12.5PF SMD"
"CX-3225SB","CX-3225SB","","CX101F-040.000-H0445","","Digi-Key","","478-4817-1-ND","","","40MHz","*","Y?","CRYSTAL 40.000MHZ 12PF SMD"
"Ethernet Jack","RJ45","","J00-0065NL","","Digi-Key","","553-1345-ND","","","","*","J?","CONN STARJACK 1PORT 10/100B-TX"
"F2-200_500-FGG484_1","BGA100P22X22-484N","","A2F500M3G-FGG484","P0934R","Mouser","","892-A2F500M3G-FGG484","","","","*","U?","FPGA - Field Programmable Gate Array 500K System Gates"
"Ferrite Bead","","","BLM18PG300SN1D","","Digi-Key","","490-1035-2-ND","","","","*","FB?","FERRITE CHIP 30 OHM 1000MA 0603"
"KSZ8721CL","TSQFP50P900X900X160-48N","","KSZ8721CL","","Digi-Key","","576-1673-ND","","","","*","U?","IC TXRX PHY 10/100 3.3V 48-LQFP"
"LT1117-3.3","SOT223-4L","","LT1117CST-3.3#PBF","","Digi-Key","","LT1117CST-3.3#PBF-ND","","","3.3V","*","U?","IC REG LDO 3.3V SOT-223"
"LT3020-1.8","TSOP65P490X110-8N","","LT3020EMS8-1.8","","Digi-Key","","LT3020EMS8-1.8-ND","","","1.8V","*","U?","IC REG LDO 1.8V 100MA LV 8MSOP"
"LT3021-1.5","SOP127P600X175-8N","","LT3021ES8-1.5#PBF","","Digi-Key","","LT3021ES8-1.5#PBF-ND","","","1.5V","*","U?","IC REG LDO 1.5V 500MA 8-SOIC"
"MAX2831","TQFN-48","","MAX2831ETM+","","Mouser","","700-MAX2831ETM+","","","","*","U?","RF Transceiver 2.4-2.5GHz 802.11g/b RF Transceiver"
"MAX5189","SOP63P600X173-28N","","MAX5189BEEI+","","Digi-Key","","MAX5189BEEI+-ND","","","","*","U?","IC DAC 8BIT DUAL 40MHZ 28-QSOP"
"MAX6061","SOT23-3N","","MAX6061AEUR+T","","Digi-Key","","MAX6061AEUR+TCT-ND","","","1.25V","*","U?","IC REF VOLT LDO SOT23-3"
"MT45W8MW16BGX-701 IT","BGA54C75P9X6_1000X800X70","","MT45W8MW16BGX-701 IT TR","","Digi-Key","","557-1444-1-ND","","","","*","U?","IC PSRAM 128MBIT 70NS 54VFBGA"
"Mini USB","Mini USB","","54819-0572","","Digi-Key","","WM17116CT-ND","","","","*","J?","CONN RECEPT MINIUSB R/A 5POS SMD"
"PJ-102AH","PJ-102AH","","PJ-102AH","","Digi-Key","","CP-102AH-ND","","","","*","J?","CONN PWR JACK 2.1X5.5MM HIGH CUR"
"REG102/103/104","SOT23-5","","REG102NA-2.85/250","","Digi-Key","","REG102NA-2.85CT-ND","","","2.85V","*","U?","IC REG LDO 2.85V 250MA SOT23-5"
"RF Switch","S06","","UPG2015TB-A","","Digi-Key","","UPG2015TB-A-ND","","","","*","U?","IC SWITCH SPDT 6-SMINI"
"S29GL064N","TSSOP50P2000X120-56N","","S29GL064N90TFI010","","Mouser","","797-S29GL064N90TFI01","","","","*","U?","Flash 3V 64Mb Float Gate highest address 90s"
"SMA_connector","SMA_SMD","","142-0701-851","","Digi-Key","","J658-ND","","","","*","J?","CONN JACK END LAUNCH PC GOLD SMA"
"SN74LVC1G04DBV","SOT23-5","","SN74LVC1G04DBVR","","Digi-Key","","296-11599-1-ND","","","","*","U?","IC SINGLE INVERTER-GATE SOT-23-5"
"SN74LVC1G125","SOT23-5","","SN74LVC1G125DBVR","","Digi-Key","","296-11603-1-ND","","","","*","U?","IC BUS BUFF TRI-ST N-INV SOT235"
"Switch 4-lead","KSC403","EVQPA PB","","","Digi-Key","Digi-Key","401-1776-1-ND","P8008S-ND","","","*","SW?","Switch"
"TCM809","SOT23-3N","","TCM809SVNB713","","Digi-Key","","TCM809SVNB713DKR-ND","","2.93V","","*","U?","IC RESET MONITOR 2.93V SOT23B"
"TDK chip Balun","HHM1520A2","","HHM1520A2","","Digi-Key","","445-3985-1-ND","","","","*","U?","XFRMR BALUN RF 2.4GHZ SMD"
"TL7702AIDR","SOIC127P780X200-8N","","TL7702AIDR","","Digi-Key","","296-3233-5-ND","","","","*","U?","IC SUPPLY VOLT SUPERVISOR 8-SOIC"
"TPS731","SOT23-5","","TPS73115DBVT","","Digi-Key","","296-15801-1-ND","","","1.5V","*","U?","IC LDO REG 150MA 1.5V SOT23-5"
"TPS789 LDO","SOT23-5","","TPS78918DBVR","","Digi-Key","","296-8147-1-ND","","","1.8V","*","U?","IC 1.8V 100MA LDO REG SOT-23-5"
