Qty,Value,Device,Package,Parts,Description,DIGIKEY,SAMTEC,MAJOR LEAGUE,Manufacturer part number:,Comments
1,2450BM15A0002,2450BM15A0002,2450BM,B1,BALUN JTI MATCHED ZIGBEE,712-1536-1-ND,,,2450BM15A0002E,
1,1pF,C-EUC0402,C0402,C1,"Capacitor, 1p, 0402, NP0, +/-0.1pF 50V",490-6206-1-ND,,,GRM1555C1H1R0BA01D,Original part number: GRM1555C1H1R0BZ01D
3,1nF,C-EUC0402,C0402,"C11, C12, C13","Capacitor, 1n, 0402, NP0, 5%, 50V",490-3244-1-ND,,,GRM1555C1H102JA01D,
9,100nF,C-EUC0402,C0402,"C14, C15, C16, C17, C18, C19, C20, C21, C22","Capacitor, 100n, 0402, X5R, 10%, 10V",490-1318-1-ND,,,GRM155R61A104KA01D,
1,2.7pF,C-EUC0402,C0402,C2,"Capacitor, 2p7, 0402, NP0, +-0.25pF, 50V",490-5934-1-ND,,,GRM1555C1H2R7CA01D,Original part number: GRM1555C1H2R7CZ01D
2,1uF,C-EUC0603,C0603,"C23, C24","Capacitor, 1u0, 0402, X5R, 10%, 6.3V",490-1550-1-ND,,,GRM188R60J105KA01D,
1,2.2uF,C-EUC0402,C0402,C25,"Capacitor, 2u2, 0402, X5R, 20%, 4V",490-4518-1-ND,,,GRM155R60G225ME15D,Using a 4v instead of reference design 6.3
1,3pF,C-EUC0402,C0402,C3,"Capacitor, 3p, 0402, NP0, +-0.25pF, 50V",490-5872-1-ND,,,GRM1555C1H3R0CA01D,Original part number: GRM1555C1H3R0CZ01D
1,6.8pF,C-EUC0402,C0402,C4,"Capacitor, 6p8, 0402, NP0, +-0.25pF 50V",490-5949-1-ND,,,GRM1555C1H6R8CA01D,Original part number: GRM1555C1H6R8CZ01D
1,15pF,C-EUC0402,C0402,C5,"Capacitor, 15p, 0402, NP0, 5%, 50V",490-5888-1-ND,,,GRM1555C1H150JA01D,Original part number: GRM1555C1H150JZ01D
1,3.9pF,C-EUC0402,C0402,C6,"Capacitor, 3p9, 0402, NP0, +-0.25pF, 50V",490-1272-1-ND,,,GRM1555C1H3R9CZ01D,
4,27pF,C-EUC0402,C0402,"C7, C8, C9, C10","Capacitor, 27p, 0402, NP0, 5%, 50V",490-5869-1-ND,,,GRM1555C1H270JA01D,Original part number: GRM1555C1H270JZ01D
1,,LED0603,LED-0603,D1,LEDs,160-1834-1-ND,,,,
1,,LED0603,LED-0603,D2,LEDs,160-1835-1-ND,,,,
1,,LED0603,LED-0603,D3,LEDs,160-1837-1-ND,,,,
2,1k Ohm,INDUCTOR0603,L0603,"L1, L2","EMI filter bead, 0603 1Kohms GHz Band Gen Use",490-1015-1-ND,,,,
1,5.1nH,INDUCTOR0402,C0402,L10,"Inductor, 5n1, 0402, +/-0.3 nH",490-6573-1-ND,,,LQG15HS5N1S02D,
1,1k Ohm,INDUCTOR0402,C0402,L11,"EMI filter bead, 0402 1Kohms GHz Band Gen Use",490-3999-1-ND,,,BLM15HG102SN1D,
4,1nH,INDUCTOR0402,C0402,"L3, L4, L5, L6","Inductor, 1n0, 0402, Monolithic type, +/-0.3 nH",490-2610-1-ND,,,LQG15HS1N0S02D,
1,1.1nH,INDUCTOR0402,C0402,L7,"Inductor, 1n1, 0402, Monolithic type, +/-0.3 nH",490-6567-1-ND,,,LQG15HS1N1S02D,
1,1.5nH,INDUCTOR0402,C0402,L8,"Inductor, 1n5, 0402, wire-wound type, +/-0.1 nH",490-6782-1-ND,,,LQW15AN1N5B00D,
1,2nH,INDUCTOR0402,C0402,L9,"Inductor, 2n0, 0402, +/-0.3 nH",490-6569-1-ND,,,LQG15HS2N0S02D,
2,MOLEX_73251-135X,MOLEX_73251-135X,SMA-J/PCB,"P1, P2",SMA JACK SMT 50 OHM,WM9357-ND,,,,
2,BBB_HEADERS,BBB_HEADERS,BBB_HEADERS,"P9, P8",2x23 Pin Header,,SSW-123-03-T-D,SSHQ-123-D-08-G-LF,SSHQ-123-D-08-G-LF,
3,470,R-US_R0402,R0402,"R1, R2, R3","RESISTOR, American symbol",RHM470JCT-ND,,,,
2,5.6k 5%,R-US_R0402,R0402,"R10, R11","RESISTOR, American symbol",RHM5.6KCGCT-ND,,,,
1,10k 1%,R-US_R0402,R0402,R12,"RESISTOR, American symbol",RHM10.0KCDCT-ND,,,,
2,56k 1%,R-US_R0402,R0402,"R13, R14","RESISTOR, American symbol",P56.0KLCT-ND,,,,
1,330k 1%,R-US_R0402,R0402,R15,"RESISTOR, American symbol",RHM330KCFCT-ND,,,,
2,1M 1%,R-US_R0402,R0402,"R16, R17","RESISTOR, American symbol",RHM1.00MCDCT-ND,,,,
2,1k 1%,R-US_R0402,R0402,"R4, R5","RESISTOR, American symbol",RHM1.00KCDCT-ND,,,,
1,4.3k,R-US_R0402,R0402,R6,"RESISTOR, American symbol",1276-4078-1-ND,,,,
3,4.75k,R-US_R0402,R0402,"R7, R8, R9","RESISTOR, American symbol",1276-4083-1-ND,,,,
2,CC2520,CC2520,S-PVQFN-N28,"U1, U2",2.4 GHZ IEEE 802.15.4/ZIGBEE® RF TRANSCEIVER,296-22996-1-ND,,,,
1,CAT24C256WI-GT3,CAT24C256WI-GT3,SOIC-8,U3,256kb Serial CMOS EEPROM,CAT24C256WI-GT3OSCT-ND,,,,
1,CC2591,CC2591,PVQFN-16,U4,2.4GHz Range Extender,296-23603-1-ND,,,,
1,JUMPER-PTH-2-NO,JUMPER-PTH-2-NO,PTH-JUMPER-2-NO_NO_SILK,WRT,2x1 Pin Header,SAM1081-02-ND,TSW-102-26-S-S,,,
2,NX2520SA,NX2520SA,NX2520SA,"X1, X2",CRYSTAL 32MHZ 10PF SMD,644-1065-1-ND,,,,
